month,trades,net_r,wr
2023-11,2,2.341425605328638,0.5
2023-12,21,-1.9799649132863797,0.38095238095238093
2024-01,20,-4.967483435617961,0.3
2024-02,19,6.690871123455291,0.5789473684210527
2024-03,27,4.0232313462222535,0.5185185185185185
2024-04,27,6.664738072328503,0.48148148148148145
2024-05,25,13.191731382962848,0.56
2024-06,23,7.0677737773613245,0.43478260869565216
2024-07,20,2.2329817378262966,0.45
2024-08,20,-1.1240456941033699,0.35
2024-09,25,11.593875876940146,0.52
2024-10,20,15.591369198423005,0.65
2024-11,22,8.690691091339295,0.5
2024-12,21,12.643158230016134,0.7142857142857143
2025-01,25,6.801639410198542,0.52
2025-02,22,3.8200840656050534,0.5
2025-03,24,12.201487423642211,0.5
2025-04,26,-2.5771283515910217,0.38461538461538464
2025-05,23,6.942932959210199,0.4782608695652174
2025-06,16,12.447521646652802,0.6875
2025-07,18,10.740948697827966,0.6111111111111112
2025-08,24,7.48847101610998,0.4166666666666667
2025-09,15,5.802965965331497,0.5333333333333333
2025-10,21,-0.3699716453729158,0.38095238095238093
2025-11,25,3.8775926584770204,0.48
2025-12,20,2.7970650609884014,0.45
2026-01,17,9.225962224840025,0.5882352941176471
2026-02,18,7.019585568024416,0.6111111111111112
2026-03,18,13.462761967588676,0.5555555555555556
2026-04,20,6.333642536810313,0.55
2026-05,16,-1.0342475000302271,0.4375
2026-06,23,-3.876223989006522,0.34782608695652173
2026-07,18,5.396708397017396,0.6111111111111112
2026-08,11,0.014608972784352359,0.45454545454545453
